Workbook

Sheet Summary
A1: Tổng hợp bug
A2: Project: Starlyn – aura-tarot
A3: Tester: Claude Code
A4: Ngày export: 06/10/2026
A6: Screen | B6: [UI/UX] | C6: [UI] | D6: [UI][Responsive] | E6: Tổng
A7: Intro 1 | B7: =COUNTIFS('Bug List'!$B$2:$B$28,$A7,'Bug List'!$C$2:$C$28,B$6) | C7: =COUNTIFS('Bug List'!$B$2:$B$28,$A7,'Bug List'!$C$2:$C$28,C$6) | D7: =COUNTIFS('Bug List'!$B$2:$B$28,$A7,'Bug List'!$C$2:$C$28,D$6) | E7: =SUM(B7:D7)
A8: Intro 2 | B8: =COUNTIFS('Bug List'!$B$2:$B$28,$A8,'Bug List'!$C$2:$C$28,B$6) | C8: =COUNTIFS('Bug List'!$B$2:$B$28,$A8,'Bug List'!$C$2:$C$28,C$6) | D8: =COUNTIFS('Bug List'!$B$2:$B$28,$A8,'Bug List'!$C$2:$C$28,D$6) | E8: =SUM(B8:D8)
A9: Intro 3 | B9: =COUNTIFS('Bug List'!$B$2:$B$28,$A9,'Bug List'!$C$2:$C$28,B$6) | C9: =COUNTIFS('Bug List'!$B$2:$B$28,$A9,'Bug List'!$C$2:$C$28,C$6) | D9: =COUNTIFS('Bug List'!$B$2:$B$28,$A9,'Bug List'!$C$2:$C$28,D$6) | E9: =SUM(B9:D9)
A10: Intro 4 | B10: =COUNTIFS('Bug List'!$B$2:$B$28,$A10,'Bug List'!$C$2:$C$28,B$6) | C10: =COUNTIFS('Bug List'!$B$2:$B$28,$A10,'Bug List'!$C$2:$C$28,C$6) | D10: =COUNTIFS('Bug List'!$B$2:$B$28,$A10,'Bug List'!$C$2:$C$28,D$6) | E10: =SUM(B10:D10)
A11: Intro 5 | B11: =COUNTIFS('Bug List'!$B$2:$B$28,$A11,'Bug List'!$C$2:$C$28,B$6) | C11: =COUNTIFS('Bug List'!$B$2:$B$28,$A11,'Bug List'!$C$2:$C$28,C$6) | D11: =COUNTIFS('Bug List'!$B$2:$B$28,$A11,'Bug List'!$C$2:$C$28,D$6) | E11: =SUM(B11:D11)
A12: Intro 6 | B12: =COUNTIFS('Bug List'!$B$2:$B$28,$A12,'Bug List'!$C$2:$C$28,B$6) | C12: =COUNTIFS('Bug List'!$B$2:$B$28,$A12,'Bug List'!$C$2:$C$28,C$6) | D12: =COUNTIFS('Bug List'!$B$2:$B$28,$A12,'Bug List'!$C$2:$C$28,D$6) | E12: =SUM(B12:D12)
A13: Intro 7 | B13: =COUNTIFS('Bug List'!$B$2:$B$28,$A13,'Bug List'!$C$2:$C$28,B$6) | C13: =COUNTIFS('Bug List'!$B$2:$B$28,$A13,'Bug List'!$C$2:$C$28,C$6) | D13: =COUNTIFS('Bug List'!$B$2:$B$28,$A13,'Bug List'!$C$2:$C$28,D$6) | E13: =SUM(B13:D13)
A14: Intro 8 | B14: =COUNTIFS('Bug List'!$B$2:$B$28,$A14,'Bug List'!$C$2:$C$28,B$6) | C14: =COUNTIFS('Bug List'!$B$2:$B$28,$A14,'Bug List'!$C$2:$C$28,C$6) | D14: =COUNTIFS('Bug List'!$B$2:$B$28,$A14,'Bug List'!$C$2:$C$28,D$6) | E14: =SUM(B14:D14)
A15: Intro 9 | B15: =COUNTIFS('Bug List'!$B$2:$B$28,$A15,'Bug List'!$C$2:$C$28,B$6) | C15: =COUNTIFS('Bug List'!$B$2:$B$28,$A15,'Bug List'!$C$2:$C$28,C$6) | D15: =COUNTIFS('Bug List'!$B$2:$B$28,$A15,'Bug List'!$C$2:$C$28,D$6) | E15: =SUM(B15:D15)
A16: Intro 10 | B16: =COUNTIFS('Bug List'!$B$2:$B$28,$A16,'Bug List'!$C$2:$C$28,B$6) | C16: =COUNTIFS('Bug List'!$B$2:$B$28,$A16,'Bug List'!$C$2:$C$28,C$6) | D16: =COUNTIFS('Bug List'!$B$2:$B$28,$A16,'Bug List'!$C$2:$C$28,D$6) | E16: =SUM(B16:D16)
A17: Intro 11 | B17: =COUNTIFS('Bug List'!$B$2:$B$28,$A17,'Bug List'!$C$2:$C$28,B$6) | C17: =COUNTIFS('Bug List'!$B$2:$B$28,$A17,'Bug List'!$C$2:$C$28,C$6) | D17: =COUNTIFS('Bug List'!$B$2:$B$28,$A17,'Bug List'!$C$2:$C$28,D$6) | E17: =SUM(B17:D17)
A18: Intro 12 | B18: =COUNTIFS('Bug List'!$B$2:$B$28,$A18,'Bug List'!$C$2:$C$28,B$6) | C18: =COUNTIFS('Bug List'!$B$2:$B$28,$A18,'Bug List'!$C$2:$C$28,C$6) | D18: =COUNTIFS('Bug List'!$B$2:$B$28,$A18,'Bug List'!$C$2:$C$28,D$6) | E18: =SUM(B18:D18)
... A28: Download App | B28: =COUNTIFS('Bug List'!$B$2:$B$28,$A28,'Bug List'!$C$2:$C$28,B$6) | C28: =COUNTIFS('Bug List'!$B$2:$B$28,$A28,'Bug List'!$C$2:$C$28,C$6) | D28: =COUNTIFS('Bug List'!$B$2:$B$28,$A28,'Bug List'!$C$2:$C$28,D$6) | E28: =SUM(B28:D28)
A29: Tổng | B29: =SUM(B7:B28) | C29: =SUM(C7:C28) | D29: =SUM(D7:D28) | E29: =SUM(E7:E28)
A31: Severity | B31: Số bug
A32: Critical | B32: =COUNTIF('Bug List'!$D$2:$D$28,A32)
A33: High | B33: =COUNTIF('Bug List'!$D$2:$D$28,A33)
A34: Medium | B34: =COUNTIF('Bug List'!$D$2:$D$28,A34)
A35: Low | B35: =COUNTIF('Bug List'!$D$2:$D$28,A35)

Sheet Bug List
A1: # | B1: Screen | C1: Bug Type | D1: Severity | E1: Title | F1: Actual Result | G1: Expected Result | H1: Attachment
A2: 1 | B2: Intro 1 | C2: [UI] | D2: Medium | E2: [UI][Intro 1] Ảnh hero có đường viền hình chữ nhật lạ đè lên silhouette | F2: - Ở ảnh hero (id: hook), một đường viền mảnh màu vàng-xanh hình chữ nhật/vòm đè ngang thân silhouette (ngang eo), cả small và large; lỗi tương tự ở Intro 14 (khung chữ nhật quanh thân + 2 đường kẻ dọc mép trái/phải ảnh) và Intro 19 (2 đường kẻ dọc mép ảnh). | G2: - Ảnh hero chỉ hiển thị halo quanh silhouette trên nền sao, không có đường viền/khung lạ (Spec Visual #1, #14, #19). Cần đối chiếu Figma. | H2: Screenshot/Video: screens/01-hook-small.png, screens/01-hook-large.png, screens/14-aura_reveal-large.png, screens/14-aura_reveal-small-p1.png, screens/19-teaser-large.png
A3: 2 | B3: Intro 1 | C3: [UI/UX] | D3: High | E3: [UI/UX][Intro 1] Text "Terms of Use" / "Privacy Policy" không nhận biết được là link | F3: - Microcopy "By continuing you confirm you're 18+ and agree to our Terms of Use and Privacy Policy..." hiển thị "Terms of Use" và "Privacy Policy" cùng màu, cùng kiểu với text thường, không underline; tương tự ở Intro 18 (email). Trong khi footer Paywall 1 có underline cho các link này. | G3: - Spec chưa định nghĩa – cần PM/Designer confirm. Đề xuất "Terms of Use"/"Privacy Policy" là link bấm được, style đồng nhất với footer Paywall; nếu là link thì tap target tối thiểu 44pt theo Apple HIG – cần Designer confirm. | H3: Screenshot/Video: screens/01-hook-small.png, screens/18-email-small.png, screens/20-paywall-small-p4.png
A4: 3 | B4: Intro 1 | C4: [UI][Responsive] | D4: Low | E4: [UI][Responsive][Intro 1] Khoảng trống lớn giữa cụm chip và CTA trên màn hình large | F4: - Ở viewport 430×932, sau dòng chip "2-min quiz · Your color · 3 cards" là một vùng trống rất lớn (gần nửa màn hình) trước button "Start quiz"; ở small khoảng trống này nhỏ hơn nhiều. | G4: - Spec chưa định nghĩa – cần PM/Designer confirm bố cục trên màn hình cao (vd. căn giữa nội dung hoặc tăng kích thước hero). | H4: Screenshot/Video: screens/01-hook-large.png, screens/01-hook-small.png
A5: 4 | B5: Intro 2 | C5: [UI/UX] | D5: Medium | E5: [UI/UX][Intro 2] Hiển thị đồng thời 2 bộ đếm tiến trình khác nhau "1/10" và "1 OF 6" | F5: - Trên các màn câu hỏi Intro 2–7 (id: energy_now → crave), header góc phải hiển thị "1/10"…"6/10" trong khi tag phía trên câu hỏi hiển thị "1 OF 6"…"6 OF 6"; hai con số khác nhau cùng lúc khiến user khó hiểu còn bao nhiêu bước. Không có progress bar. | G5: - Spec chỉ định nghĩa tag "1 of 6" phía trên câu hỏi; bộ đếm "x/10" trên header Spec chưa định nghĩa – cần PM/Designer confirm giữ một kiểu chỉ báo tiến trình. | H5: Screenshot/Video: screens/02-energy_now-small.png, screens/03-around_people-small.png, screens/07-crave-small.png, screens/02-energy_now-large.png
B6: Intro 3 | E6: Không phát hiện lỗi
B7: Intro 4 | E7: Không phát hiện lỗi
B8: Intro 5 | E8: Không phát hiện lỗi
B9: Intro 6 | E9: Không phát hiện lỗi
B10: Intro 7 | E10: Không phát hiện lỗi
A11: 5 | B11: Intro 8 | C11: [UI] | D11: Low | E11: [UI][Intro 8] Ảnh halo hiển thị dạng khối chữ nhật full-width, cạnh trên cắt cứng thay vì "round well" | F11: - Ảnh halo (id: bridge) là một khối chữ nhật full-width, cạnh trên cắt thẳng tạo đường ranh giới rõ với nền; trên large ảnh nằm giữa màn với khoảng trống lớn phía trên và dưới. Màn loader Intro 13 cũng có ảnh hero cạnh trên cắt cứng ngay dưới band tiêu đề. | G11: - Theo Spec #8: "A soft halo shifting through hues in a round well" – ảnh cần nằm trong khung tròn, mép mềm. Với Intro 13: Spec chưa định nghĩa – cần Designer confirm. Cần đối chiếu Figma. | H11: Screenshot/Video: screens/08-bridge-small.png, screens/08-bridge-large.png, screens/13-loader-small.png
A12: 6 | B12: Intro 9 | C12: [UI] | D12: Medium | E12: [UI][Intro 9] Các orb màu chưa chọn bị cắt vuông 4 cạnh và có vệt tối hình lưỡi liềm | F12: - Ở màn chọn màu (id: color_pull), 5 orb chưa chọn (Red, Amber, Green, Blue, Violet) bị cắt phẳng ở mép trên/dưới/trái/phải và có vệt tối lệch ở góc dưới phải, không còn tròn; chỉ orb đang chọn (Indigo, viền vàng) hiển thị tròn đúng. Xảy ra cả small và large. | G12: - Theo Spec #9: "Six large color orbs ... each glowing softly in its own color" – mọi orb cần hiển thị tròn trọn vẹn với glow mềm, không bị cắt. | H12: Screenshot/Video: screens/09-color_pull-small.png, screens/09-color_pull-large.png
B13: Intro 10 | E13: Không phát hiện lỗi
A14: 7 | B14: Intro 11 | C14: [UI/UX] | D14: Low | E14: [UI/UX][Intro 11] Ba ô chọn Month / Day / Year không có icon dropdown | F14: - Ba ô "May", "14", "1994" (id: birth_date) hiển thị như text box thường, không có chevron/icon dropdown, user khó nhận biết đây là select có thể bấm để đổi. | G14: - Spec #11 chỉ ghi "Three rounded selects in one row"; affordance dropdown Spec chưa định nghĩa – cần PM/Designer confirm. Cần đối chiếu Figma. | H14: Screenshot/Video: screens/11-birth_date-small.png, screens/11-birth_date-large.png
B15: Intro 12 | E15: Không phát hiện lỗi
B16: Intro 13 | E16: Không phát hiện lỗi
B17: Intro 14 | E17: Không phát hiện lỗi
B18: Intro 15 | E18: Không phát hiện lỗi
B19: Intro 16 | E19: Không phát hiện lỗi
A20: 8 | B20: Intro 17 | C20: [UI/UX] | D20: Medium | E20: [UI/UX][Intro 17] Tiêu đề các dòng bị khóa bị blur hoàn toàn, không đọc được | F20: - Dòng khóa dưới 3 lá bài (id: three_cards) hiển thị text bị blur hoàn toàn, chỉ thấy icon khóa; tương tự 4 dòng khóa ở Intro 19 (teaser). User không biết nội dung bị khóa là gì. | G20: - Theo Spec #17: faded row "How the three connect" with a lock; Spec #19: locked rows "How the three connect", "Your 30-day aura plan", "Your {{focus}} guidance", "Your aura in each area of life" – tiêu đề cần đọc được (faded), chỉ phần nội dung bị khóa. Cần Designer confirm. | H20: Screenshot/Video: screens/17-three_cards-small.png, screens/17-three_cards-large.png, screens/19-teaser-small-p2.png, screens/19-teaser-large.png
B21: Intro 18 | E21: Không phát hiện lỗi
A22: 9 | B22: Intro 19 | C22: [UI] | D22: Low | E22: [UI][Intro 19] Câu link aura–card khác copy trong Spec | F22: - Màn teaser (id: teaser) hiển thị "Your Indigo aura meets The High Priestess." / "Your Indigo aura meets The Devil.". | G22: - Theo Spec #19: "Your {{aura}} aura leans toward {{card}}". | H22: Screenshot/Video: screens/19-teaser-small-p1.png, screens/19-teaser-large.png
A23: 10 | B23: Paywall 1 | C23: [UI] | D23: Medium | E23: [UI][Paywall 1] Hero không hiển thị 3 card backs, có khung chữ nhật nhỏ lạc giữa ảnh | F23: - Hero paywall (id: paywall) chỉ có ảnh nến + luồng sáng tím; không thấy 3 lá bài úp, giữa ảnh có một khung chữ nhật viền mảnh nhỏ và một vệt ngang mờ ở mép dưới ảnh. Xảy ra cả small và large. | G23: - Theo Spec #20 mục Hero: "the aura halo with the three card backs" – hiển thị 3 card backs rõ ràng, không có khung/viền lạ. | H23: Screenshot/Video: screens/20-paywall-small-p1.png, screens/20-paywall-large-p1.png
A24: 11 | B24: Paywall 1 | C24: [UI] | D24: Medium | E24: [UI][Paywall 1] Màu halo trên hero không đổi theo màu aura kết quả | F24: - Khi walk thật cho kết quả "Your Red aura" (chip "Your aura: Red"), hero paywall vẫn hiển thị halo màu tím/indigo giống hệt kết quả Indigo. | G24: - Theo Spec: "the aura color is the one accent that changes per result" – halo hero cần theo màu aura của user. Cần PM/Designer confirm nếu hero là ảnh tĩnh. | H24: Screenshot/Video: screens/walk-end-paywall (paywall).png, screens/20-paywall-small-p1.png
A25: 12 | B25: Paywall 1 | C25: [UI] | D25: Low | E25: [UI][Paywall 1] Dòng "Due today" lặp chữ "today" ở giá trị | F25: - Trong cả 2 plan block, dòng tổng hiển thị "Due today" bên trái và "$13.67 today" bên phải, lặp từ "today". | G25: - Spec #20 chỉ ghi "Due today"; format giá trị Spec chưa định nghĩa – cần PM/Designer confirm (vd. chỉ "$13.67"). | H25: Screenshot/Video: screens/20-paywall-small-p4.png, screens/20-paywall-large-p1.png
A26: 13 | B26: Paywall 1 | C26: [UI] | D26: High | E26: [UI][Paywall 1] Footer thiếu thông tin entity (tên pháp nhân) | F26: - Footer chỉ hiển thị "Terms of Use", "Privacy Policy", "Subscription terms", "Support: support@starlyn.co" và "For entertainment purposes only."; không thấy tên pháp nhân/entity. | G26: - Theo Spec #20 mục 9: "Footer: legal links, entity, entertainment disclaimer." Cần PM confirm nếu entity đang ẩn do chưa cấu hình. | H26: Screenshot/Video: screens/20-paywall-small-p4.png, screens/20-paywall-large-p4.png
A27: 14 | B27: Upsale 1 | C27: [UI] | D27: Medium | E27: [UI][Upsale 1] Ảnh cover report là silhouette đen phẳng thay vì ảnh reveal-aura | F27: - Cover card "Chakra Balance Report" (id: report_upsell) hiển thị một khối silhouette đen phẳng (đầu + vai) trên nền gradient tím, đè lên label "STARLYN REPORT" và tên report. | G27: - Theo Spec #21: "Report cover card (img/reveal-aura.jpg under a dark fade, 'Starlyn report' label, the report name)". | H27: Screenshot/Video: screens/21-report_upsell-small-p1.png, screens/21-report_upsell-large.png
A28: 15 | B28: Download App | C28: [UI] | D28: Medium | E28: [UI][Download App] Icon trên badge "Download on the App Store" không phải logo Apple | F28: - Badge App Store (id: get_app) hiển thị icon dạng outline giống hình răng/trái tim thay vì logo Apple; badge Google Play dùng icon tam giác outline. | G28: - Spec #22 ghi "App Store and Google Play badges"; style badge Spec chưa định nghĩa – cần PM/Designer confirm (đề xuất dùng badge chính thức). Cần đối chiếu Figma. | H28: Screenshot/Video: screens/22-get_app-small.png, screens/22-get_app-large.png
