Workbook

Sheet Summary
A1: Tổng hợp bug
A2: Project: Starlyn – soulmate-sketch (retest)
A3: Tester: Claude Code
A4: Ngày export: 06/10/2026
A6: Screen | B6: [UI] | C6: Tổng
A7: Intro 1 | B7: =COUNTIFS('Bug List'!$B$2:$B$25,$A7,'Bug List'!$C$2:$C$25,B$6) | C7: =SUM(B7:B7)
A8: Intro 2 | B8: =COUNTIFS('Bug List'!$B$2:$B$25,$A8,'Bug List'!$C$2:$C$25,B$6) | C8: =SUM(B8:B8)
A9: Intro 3 | B9: =COUNTIFS('Bug List'!$B$2:$B$25,$A9,'Bug List'!$C$2:$C$25,B$6) | C9: =SUM(B9:B9)
A10: Intro 4 | B10: =COUNTIFS('Bug List'!$B$2:$B$25,$A10,'Bug List'!$C$2:$C$25,B$6) | C10: =SUM(B10:B10)
A11: Intro 5 | B11: =COUNTIFS('Bug List'!$B$2:$B$25,$A11,'Bug List'!$C$2:$C$25,B$6) | C11: =SUM(B11:B11)
A12: Intro 6 | B12: =COUNTIFS('Bug List'!$B$2:$B$25,$A12,'Bug List'!$C$2:$C$25,B$6) | C12: =SUM(B12:B12)
A13: Intro 7 | B13: =COUNTIFS('Bug List'!$B$2:$B$25,$A13,'Bug List'!$C$2:$C$25,B$6) | C13: =SUM(B13:B13)
A14: Intro 8 | B14: =COUNTIFS('Bug List'!$B$2:$B$25,$A14,'Bug List'!$C$2:$C$25,B$6) | C14: =SUM(B14:B14)
A15: Intro 9 | B15: =COUNTIFS('Bug List'!$B$2:$B$25,$A15,'Bug List'!$C$2:$C$25,B$6) | C15: =SUM(B15:B15)
A16: Intro 10 | B16: =COUNTIFS('Bug List'!$B$2:$B$25,$A16,'Bug List'!$C$2:$C$25,B$6) | C16: =SUM(B16:B16)
A17: Intro 11 | B17: =COUNTIFS('Bug List'!$B$2:$B$25,$A17,'Bug List'!$C$2:$C$25,B$6) | C17: =SUM(B17:B17)
A18: Intro 12 | B18: =COUNTIFS('Bug List'!$B$2:$B$25,$A18,'Bug List'!$C$2:$C$25,B$6) | C18: =SUM(B18:B18)
... A30: Download App | B30: =COUNTIFS('Bug List'!$B$2:$B$25,$A30,'Bug List'!$C$2:$C$25,B$6) | C30: =SUM(B30:B30)
A31: Tổng | B31: =SUM(B7:B30) | C31: =SUM(C7:C30)
A33: Severity | B33: Số bug
A34: Critical | B34: =COUNTIF('Bug List'!$D$2:$D$25,A34)
A35: High | B35: =COUNTIF('Bug List'!$D$2:$D$25,A35)
A36: Medium | B36: =COUNTIF('Bug List'!$D$2:$D$25,A36)
A37: Low | B37: =COUNTIF('Bug List'!$D$2:$D$25,A37)

Sheet Bug List
A1: # | B1: Screen | C1: Bug Type | D1: Severity | E1: Title | F1: Actual Result | G1: Expected Result | H1: Attachment
B2: Intro 1 | E2: Không phát hiện lỗi
B3: Intro 2 | E3: Không phát hiện lỗi
B4: Intro 3 | E4: Không phát hiện lỗi
B5: Intro 4 | E5: Không phát hiện lỗi
B6: Intro 5 | E6: Không phát hiện lỗi
B7: Intro 6 | E7: Không phát hiện lỗi
B8: Intro 7 | E8: Không phát hiện lỗi
B9: Intro 8 | E9: Không phát hiện lỗi
B10: Intro 9 | E10: Không phát hiện lỗi
B11: Intro 10 | E11: Không phát hiện lỗi
B12: Intro 11 | E12: Không phát hiện lỗi
B13: Intro 12 | E13: Không phát hiện lỗi
... B22: Intro 21 | E22: Không phát hiện lỗi
A23: 1 | B23: Paywall 1 | C23: [UI] | D23: Low | E23: [UI][Paywall 1] Sticky header không sát mép trên, hở một dải nền sao phía trên | F23: - Ở Paywall 1 (id: 22), phía trên sticky brand bar có một dải cao khoảng 6px vẫn thấy nền sao (màu khác header, có chấm sao), lặp lại ở mọi vị trí cuộn trên cả small và large; Paywall của past-life không có dải này. Lượt 1 không log nên chưa rõ có từ trước hay do fix header. | G23: - Cần đối chiếu Figma: sticky header cần sát mép trên viewport, không để lộ nền phía sau. | H23: Screenshot/Video: screens/22-22-small-p1.png, screens/22-22-small-p3.png, screens/22-22-large-p1.png, screens/22-22-large-p3.png
B24: Upsale 1 | E24: Không phát hiện lỗi
A25: 2 | B25: Download App | C25: [UI] | D25: Low | E25: [UI][Download App] Icon trên badge Google Play là outline trắng đơn sắc, không phải logo chính thức | F25: - Badge "GET IT ON Google Play" dùng icon tam giác Play dạng outline trắng đơn sắc, trong khi badge App Store đã đổi sang logo Apple chính thức ở lượt fix này; lượt 1 không log điểm này nên có thể đã tồn tại từ trước. | G25: - Cần đối chiếu Figma: badge store cần dùng đúng asset badge chính thức của Google Play (logo Play nhiều màu). | H25: Screenshot/Video: screens/24-24-small.png, screens/24-24-large.png
