Workbook

Sheet Summary
A1: Tổng hợp bug
A2: Project: ChatChi – chai-companion
A3: Tester: Claude Code
A4: Ngày export: 06/10/2026
A6: Screen | B6: [UI/UX] | C6: [UI/UX][Responsive] | D6: [UI] | E6: [UI][Responsive] | F6: Tổng
A7: Intro 1 (hook_age_check) | B7: =COUNTIFS('Bug List'!$B$2:$B$27,$A7,'Bug List'!$C$2:$C$27,B$6) | C7: =COUNTIFS('Bug List'!$B$2:$B$27,$A7,'Bug List'!$C$2:$C$27,C$6) | D7: =COUNTIFS('Bug List'!$B$2:$B$27,$A7,'Bug List'!$C$2:$C$27,D$6) | E7: =COUNTIFS('Bug List'!$B$2:$B$27,$A7,'Bug List'!$C$2:$C$27,E$6) | F7: =SUM(B7:E7)
A8: Intro 2 (mood) | B8: =COUNTIFS('Bug List'!$B$2:$B$27,$A8,'Bug List'!$C$2:$C$27,B$6) | C8: =COUNTIFS('Bug List'!$B$2:$B$27,$A8,'Bug List'!$C$2:$C$27,C$6) | D8: =COUNTIFS('Bug List'!$B$2:$B$27,$A8,'Bug List'!$C$2:$C$27,D$6) | E8: =COUNTIFS('Bug List'!$B$2:$B$27,$A8,'Bug List'!$C$2:$C$27,E$6) | F8: =SUM(B8:E8)
A9: Intro 3 (day_topics) | B9: =COUNTIFS('Bug List'!$B$2:$B$27,$A9,'Bug List'!$C$2:$C$27,B$6) | C9: =COUNTIFS('Bug List'!$B$2:$B$27,$A9,'Bug List'!$C$2:$C$27,C$6) | D9: =COUNTIFS('Bug List'!$B$2:$B$27,$A9,'Bug List'!$C$2:$C$27,D$6) | E9: =COUNTIFS('Bug List'!$B$2:$B$27,$A9,'Bug List'!$C$2:$C$27,E$6) | F9: =SUM(B9:E9)
A10: Intro 4 (friend_not_therapist) | B10: =COUNTIFS('Bug List'!$B$2:$B$27,$A10,'Bug List'!$C$2:$C$27,B$6) | C10: =COUNTIFS('Bug List'!$B$2:$B$27,$A10,'Bug List'!$C$2:$C$27,C$6) | D10: =COUNTIFS('Bug List'!$B$2:$B$27,$A10,'Bug List'!$C$2:$C$27,D$6) | E10: =COUNTIFS('Bug List'!$B$2:$B$27,$A10,'Bug List'!$C$2:$C$27,E$6) | F10: =SUM(B10:E10)
A11: Intro 5 (name) | B11: =COUNTIFS('Bug List'!$B$2:$B$27,$A11,'Bug List'!$C$2:$C$27,B$6) | C11: =COUNTIFS('Bug List'!$B$2:$B$27,$A11,'Bug List'!$C$2:$C$27,C$6) | D11: =COUNTIFS('Bug List'!$B$2:$B$27,$A11,'Bug List'!$C$2:$C$27,D$6) | E11: =COUNTIFS('Bug List'!$B$2:$B$27,$A11,'Bug List'!$C$2:$C$27,E$6) | F11: =SUM(B11:E11)
A12: Intro 6 (support_style) | B12: =COUNTIFS('Bug List'!$B$2:$B$27,$A12,'Bug List'!$C$2:$C$27,B$6) | C12: =COUNTIFS('Bug List'!$B$2:$B$27,$A12,'Bug List'!$C$2:$C$27,C$6) | D12: =COUNTIFS('Bug List'!$B$2:$B$27,$A12,'Bug List'!$C$2:$C$27,D$6) | E12: =COUNTIFS('Bug List'!$B$2:$B$27,$A12,'Bug List'!$C$2:$C$27,E$6) | F12: =SUM(B12:E12)
A13: Intro 7 (personality) | B13: =COUNTIFS('Bug List'!$B$2:$B$27,$A13,'Bug List'!$C$2:$C$27,B$6) | C13: =COUNTIFS('Bug List'!$B$2:$B$27,$A13,'Bug List'!$C$2:$C$27,C$6) | D13: =COUNTIFS('Bug List'!$B$2:$B$27,$A13,'Bug List'!$C$2:$C$27,D$6) | E13: =COUNTIFS('Bug List'!$B$2:$B$27,$A13,'Bug List'!$C$2:$C$27,E$6) | F13: =SUM(B13:E13)
A14: Intro 8 (memory_control) | B14: =COUNTIFS('Bug List'!$B$2:$B$27,$A14,'Bug List'!$C$2:$C$27,B$6) | C14: =COUNTIFS('Bug List'!$B$2:$B$27,$A14,'Bug List'!$C$2:$C$27,C$6) | D14: =COUNTIFS('Bug List'!$B$2:$B$27,$A14,'Bug List'!$C$2:$C$27,D$6) | E14: =COUNTIFS('Bug List'!$B$2:$B$27,$A14,'Bug List'!$C$2:$C$27,E$6) | F14: =SUM(B14:E14)
A15: Intro 9 (getting_ready) | B15: =COUNTIFS('Bug List'!$B$2:$B$27,$A15,'Bug List'!$C$2:$C$27,B$6) | C15: =COUNTIFS('Bug List'!$B$2:$B$27,$A15,'Bug List'!$C$2:$C$27,C$6) | D15: =COUNTIFS('Bug List'!$B$2:$B$27,$A15,'Bug List'!$C$2:$C$27,D$6) | E15: =COUNTIFS('Bug List'!$B$2:$B$27,$A15,'Bug List'!$C$2:$C$27,E$6) | F15: =SUM(B15:E15)
A16: Intro 10 (meet_companion) | B16: =COUNTIFS('Bug List'!$B$2:$B$27,$A16,'Bug List'!$C$2:$C$27,B$6) | C16: =COUNTIFS('Bug List'!$B$2:$B$27,$A16,'Bug List'!$C$2:$C$27,C$6) | D16: =COUNTIFS('Bug List'!$B$2:$B$27,$A16,'Bug List'!$C$2:$C$27,D$6) | E16: =COUNTIFS('Bug List'!$B$2:$B$27,$A16,'Bug List'!$C$2:$C$27,E$6) | F16: =SUM(B16:E16)
A17: Intro 11 (first_checkin) | B17: =COUNTIFS('Bug List'!$B$2:$B$27,$A17,'Bug List'!$C$2:$C$27,B$6) | C17: =COUNTIFS('Bug List'!$B$2:$B$27,$A17,'Bug List'!$C$2:$C$27,C$6) | D17: =COUNTIFS('Bug List'!$B$2:$B$27,$A17,'Bug List'!$C$2:$C$27,D$6) | E17: =COUNTIFS('Bug List'!$B$2:$B$27,$A17,'Bug List'!$C$2:$C$27,E$6) | F17: =SUM(B17:E17)
A18: Intro 12 (it_remembers) | B18: =COUNTIFS('Bug List'!$B$2:$B$27,$A18,'Bug List'!$C$2:$C$27,B$6) | C18: =COUNTIFS('Bug List'!$B$2:$B$27,$A18,'Bug List'!$C$2:$C$27,C$6) | D18: =COUNTIFS('Bug List'!$B$2:$B$27,$A18,'Bug List'!$C$2:$C$27,D$6) | E18: =COUNTIFS('Bug List'!$B$2:$B$27,$A18,'Bug List'!$C$2:$C$27,E$6) | F18: =SUM(B18:E18)
... A32: Paywall 6 (legacy offer, ngoài flow) (cần confirm loại màn) (last_chance_offer) | B32: =COUNTIFS('Bug List'!$B$2:$B$27,$A32,'Bug List'!$C$2:$C$27,B$6) | C32: =COUNTIFS('Bug List'!$B$2:$B$27,$A32,'Bug List'!$C$2:$C$27,C$6) | D32: =COUNTIFS('Bug List'!$B$2:$B$27,$A32,'Bug List'!$C$2:$C$27,D$6) | E32: =COUNTIFS('Bug List'!$B$2:$B$27,$A32,'Bug List'!$C$2:$C$27,E$6) | F32: =SUM(B32:E32)
A33: Tổng | B33: =SUM(B7:B32) | C33: =SUM(C7:C32) | D33: =SUM(D7:D32) | E33: =SUM(E7:E32) | F33: =SUM(F7:F32)
A35: Severity | B35: Số bug
A36: Critical | B36: =COUNTIF('Bug List'!$D$2:$D$27,A36)
A37: High | B37: =COUNTIF('Bug List'!$D$2:$D$27,A37)
A38: Medium | B38: =COUNTIF('Bug List'!$D$2:$D$27,A38)
A39: Low | B39: =COUNTIF('Bug List'!$D$2:$D$27,A39)

Sheet Bug List
A1: # | B1: Screen | C1: Bug Type | D1: Severity | E1: Title | F1: Actual Result | G1: Expected Result | H1: Attachment
B2: Intro 1 (hook_age_check) | E2: Không phát hiện lỗi
B3: Intro 2 (mood) | E3: Không phát hiện lỗi
B4: Intro 3 (day_topics) | E4: Không phát hiện lỗi
A5: 1 | B5: Intro 4 (friend_not_therapist) | C5: [UI][Responsive] | D5: Low | E5: [UI][Responsive][Intro 4] Nội dung bị đẩy xuống giữa màn, để trống lớn phía trên trên màn lớn (lặp ở Intro 8) | F5: - Ở 430×932, màn Intro 4 (friend_not_therapist) và Intro 8 (memory_control) căn giữa theo chiều dọc: headline bắt đầu khoảng giữa màn, phía trên chỉ có back/progress và khoảng trống lớn; các màn Intro 2, 3, 5, 6, 7 cùng kích thước đều đặt headline ngay dưới progress bar nên vị trí headline nhảy giữa các màn. | G5: - Spec chưa định nghĩa – cần PM/Designer confirm vị trí headline thống nhất giữa các màn Intro (Cần đối chiếu Figma). | H5: Screenshot/Video: screens/04-friend_not_therapist-large.png, screens/08-memory_control-large.png, screens/03-day_topics-large.png
B6: Intro 5 (name) | E6: Không phát hiện lỗi
B7: Intro 6 (support_style) | E7: Không phát hiện lỗi
A8: 2 | B8: Intro 7 (personality) | C8: [UI][Responsive] | D8: Medium | E8: [UI][Responsive][Intro 7] Hàng chip bị cắt ngang bởi vùng CTA ở first view màn nhỏ (lặp ở Intro 10) | F8: - Ở 375×667, first view Intro 7 (personality) hiển thị hàng chip "He · She · They · Surprise me" bị cắt mất nửa dưới bởi vùng button Continue (mép cắt thẳng, không có fade); Intro 10 (meet_companion) bị tương tự với hàng "Or talk with Noor · Ben" sát button Say hi. Phải cuộn mới thấy đủ chip. | G8: - Component không bị cắt nửa ở first view; nếu nội dung tràn thì cần cue cuộn (fade/shadow) rõ ràng. Spec chưa định nghĩa cách xử lý – cần PM/Designer confirm. | H8: Screenshot/Video: screens/07-personality-small-p1.png, screens/07-personality-small-p2.png, screens/10-meet_companion-small-p1.png
B9: Intro 8 (memory_control) | E9: Không phát hiện lỗi
A10: 3 | B10: Intro 9 (getting_ready) | C10: [UI] | D10: Low | E10: [UI][Intro 9] Số % và độ dài progress bar của bước 1 không khớp nhau | F10: - Trong ảnh chụp loader Intro 9 (getting_ready), dòng "Listening to how today went..." hiển thị "66%" nhưng thanh progress chỉ được fill khoảng 1/3 chiều dài, giống nhau ở cả 375 và 430. Ảnh tĩnh nên có thể do bar animate chậm hơn số (độ tin cậy thấp, cần verify bằng video). | G10: - Số % và độ dài fill của progress bar cần khớp nhau tại cùng thời điểm (spec: mỗi step 0→100%). | H10: Screenshot/Video: screens/09-getting_ready-small.png, screens/09-getting_ready-large.png
B11: Intro 10 (meet_companion) | E11: Không phát hiện lỗi
B12: Intro 11 (first_checkin) | E12: Không phát hiện lỗi
B13: Intro 12 (it_remembers) | E13: Không phát hiện lỗi
B14: Intro 13 (day_remembered) | E14: Không phát hiện lỗi
B15: Intro 14 (checkin_time) | E15: Không phát hiện lỗi
A16: 4 | B16: Intro 15 (save_memories) | C16: [UI/UX] | D16: Low | E16: [UI/UX][Intro 15] "Terms" và "Privacy Policy" trong legal line không hiển thị dạng link | F16: - Ở Intro 15 (save_memories), dòng "By continuing you agree to the Terms and Privacy Policy." hiển thị cùng một màu xám, không underline/không đổi màu ở "Terms" và "Privacy Policy", trong khi các màn khác (Intro 1, Paywall, Sale) hiển thị Terms/Privacy có underline. | G16: - Theo product rule, Terms/Privacy là link; cần style link nhất quán với các màn khác và bấm được – cần PM/Designer confirm. | H16: Screenshot/Video: screens/15-save_memories-small.png, screens/15-save_memories-large.png
A17: 5 | B17: Paywall 1 (paywall) | C17: [UI/UX][Responsive] | D17: Medium | E17: [UI/UX][Responsive][Paywall 1] First view màn lớn không có CTA và giá nào | F17: - Ở 430×932, first view Paywall 1 (paywall) chỉ có hero, chip và memory card; plan block 1 mới ló viền ở đáy màn nên cả sticky bottom bar ("ChatChi Plus · 12 months / Due today $119.99 / Continue") lẫn mini "Continue" trên header đều ẩn, user không thấy giá hay CTA nào nếu chưa cuộn. Ở 375×667 cả hai CTA đều hiển thị. | G17: - Spec: sticky bar chỉ ẩn khi plan block đang trên màn; spec chưa định nghĩa ngưỡng "đang trên màn" khi block chỉ ló viền – cần PM/Designer confirm để first view luôn có CTA. | H17: Screenshot/Video: screens/16-paywall-large-p1.png, screens/16-paywall-small-p1.png
A18: 6 | B18: Paywall 2 (sale) (sale_m1) | C18: [UI][Responsive] | D18: Low | E18: [UI][Responsive][Paywall 2] Wellbeing line bị footer cố định che ở first view màn nhỏ (lặp ở Paywall 3, 4) | F18: - Ở 375×667, first view Paywall 2 (sale_m1), Paywall 3 (sale_m3), Paywall 4 (sale_y12) không thấy dòng "ChatChi is AI, not therapy. Crisis resources are always free." dưới card vì bị vùng "No thanks" + Terms/Privacy cố định che; phải cuộn mới thấy. Ở 430×932 và Paywall 5 (sale_lifetime) dòng này hiển thị ngay. | G18: - Nội dung không bị footer cố định che; wellbeing line (spec #17 Visual) cần nhìn thấy được – cần Designer confirm cách bố trí trên màn nhỏ. | H18: Screenshot/Video: screens/21-sale_m1-small-p1.png, screens/21-sale_m1-small-p2.png, screens/22-sale_m3-small-p1.png, screens/23-sale_y12-small-p1.png
B19: Paywall 3 (sale) (sale_m3) | E19: Không phát hiện lỗi
B20: Paywall 4 (sale) (sale_y12) | E20: Không phát hiện lỗi
B21: Paywall 5 (sale) (sale_lifetime) | E21: Không phát hiện lỗi
A22: 7 | B22: Upsale 1 (upsell_lifetime) | C22: [UI] | D22: Low | E22: [UI][Upsale 1] Card "Bonus companion" dùng avatar của companion hiện tại (Sam) | F22: - Ở Upsale 1 (upsell_lifetime), card "Bonus companion · Alongside Sam · private to you" hiển thị avatar Sam, giống hệt avatar trên các màn Sale, trong khi sản phẩm bán là một companion thứ hai tạo mới. | G22: - Spec chưa định nghĩa avatar cho Bonus companion – cần PM/Designer confirm (ví dụ avatar placeholder/khác Sam để tránh hiểu nhầm). | H22: Screenshot/Video: screens/25-upsell_lifetime-small.png, screens/21-sale_m1-small-p1.png
B23: Download App (get_app) | E23: Không phát hiện lỗi
B24: Paywall 1 – redirect (back_in_chat) | E24: Không phát hiện lỗi
B25: Paywall 1 – redirect (day2_remembered) | E25: Không phát hiện lỗi
B26: Paywall 1 – redirect (daily_limit) | E26: Không phát hiện lỗi
A27: 8 | B27: Paywall 6 (legacy offer, ngoài flow) (cần confirm loại màn) (last_chance_offer) | C27: [UI] | D27: Medium | E27: [UI][Paywall 6] Màn offer legacy vẫn render khi mở trực tiếp, hiển thị raw token giá | F27: - Mở trực tiếp màn last_chance_offer (screen 20, deep-jump không bị redirect) hiển thị badge "{{offer_badge}}", giá "{{offer_price}}" và "{{offer_price}} today, then {{offer_renews}}" ở cả 375 và 430. Walk thật không đi qua màn này (spec: offer cũ đã tắt, CONFIG.offer.enabled:false) nên đặt Medium; nếu màn này được điều hướng tới trong bản FunnelFox thì là sai giá (Critical). | G27: - Theo spec, offer weekly cũ đã tắt: màn không được hiển thị cho user (redirect về Paywall 1 như back_in_chat/daily_limit, hoặc bỏ khỏi build); product rule: không để placeholder giá trong funnel. | H27: Screenshot/Video: screens/20-last_chance_offer-small-p1.png, screens/20-last_chance_offer-large.png
