Workbook

Sheet Summary
A1: Tổng hợp bug
A2: Project: Starlyn – palm-reading
A3: Tester: Claude Code
A4: Ngày export: 06/10/2026
A6: Screen | B6: [UI/UX] | C6: [UI] | D6: Tổng
A7: Intro 1 | B7: =COUNTIFS('Bug List'!$B$2:$B$24,$A7,'Bug List'!$C$2:$C$24,B$6) | C7: =COUNTIFS('Bug List'!$B$2:$B$24,$A7,'Bug List'!$C$2:$C$24,C$6) | D7: =SUM(B7:C7)
A8: Intro 2 | B8: =COUNTIFS('Bug List'!$B$2:$B$24,$A8,'Bug List'!$C$2:$C$24,B$6) | C8: =COUNTIFS('Bug List'!$B$2:$B$24,$A8,'Bug List'!$C$2:$C$24,C$6) | D8: =SUM(B8:C8)
A9: Intro 3 | B9: =COUNTIFS('Bug List'!$B$2:$B$24,$A9,'Bug List'!$C$2:$C$24,B$6) | C9: =COUNTIFS('Bug List'!$B$2:$B$24,$A9,'Bug List'!$C$2:$C$24,C$6) | D9: =SUM(B9:C9)
A10: Intro 4 | B10: =COUNTIFS('Bug List'!$B$2:$B$24,$A10,'Bug List'!$C$2:$C$24,B$6) | C10: =COUNTIFS('Bug List'!$B$2:$B$24,$A10,'Bug List'!$C$2:$C$24,C$6) | D10: =SUM(B10:C10)
A11: Intro 5 | B11: =COUNTIFS('Bug List'!$B$2:$B$24,$A11,'Bug List'!$C$2:$C$24,B$6) | C11: =COUNTIFS('Bug List'!$B$2:$B$24,$A11,'Bug List'!$C$2:$C$24,C$6) | D11: =SUM(B11:C11)
A12: Intro 6 | B12: =COUNTIFS('Bug List'!$B$2:$B$24,$A12,'Bug List'!$C$2:$C$24,B$6) | C12: =COUNTIFS('Bug List'!$B$2:$B$24,$A12,'Bug List'!$C$2:$C$24,C$6) | D12: =SUM(B12:C12)
A13: Intro 7 | B13: =COUNTIFS('Bug List'!$B$2:$B$24,$A13,'Bug List'!$C$2:$C$24,B$6) | C13: =COUNTIFS('Bug List'!$B$2:$B$24,$A13,'Bug List'!$C$2:$C$24,C$6) | D13: =SUM(B13:C13)
A14: Intro 8 | B14: =COUNTIFS('Bug List'!$B$2:$B$24,$A14,'Bug List'!$C$2:$C$24,B$6) | C14: =COUNTIFS('Bug List'!$B$2:$B$24,$A14,'Bug List'!$C$2:$C$24,C$6) | D14: =SUM(B14:C14)
A15: Intro 9 | B15: =COUNTIFS('Bug List'!$B$2:$B$24,$A15,'Bug List'!$C$2:$C$24,B$6) | C15: =COUNTIFS('Bug List'!$B$2:$B$24,$A15,'Bug List'!$C$2:$C$24,C$6) | D15: =SUM(B15:C15)
A16: Intro 10 | B16: =COUNTIFS('Bug List'!$B$2:$B$24,$A16,'Bug List'!$C$2:$C$24,B$6) | C16: =COUNTIFS('Bug List'!$B$2:$B$24,$A16,'Bug List'!$C$2:$C$24,C$6) | D16: =SUM(B16:C16)
A17: Intro 11 | B17: =COUNTIFS('Bug List'!$B$2:$B$24,$A17,'Bug List'!$C$2:$C$24,B$6) | C17: =COUNTIFS('Bug List'!$B$2:$B$24,$A17,'Bug List'!$C$2:$C$24,C$6) | D17: =SUM(B17:C17)
A18: Intro 12 | B18: =COUNTIFS('Bug List'!$B$2:$B$24,$A18,'Bug List'!$C$2:$C$24,B$6) | C18: =COUNTIFS('Bug List'!$B$2:$B$24,$A18,'Bug List'!$C$2:$C$24,C$6) | D18: =SUM(B18:C18)
... A29: Download App | B29: =COUNTIFS('Bug List'!$B$2:$B$24,$A29,'Bug List'!$C$2:$C$24,B$6) | C29: =COUNTIFS('Bug List'!$B$2:$B$24,$A29,'Bug List'!$C$2:$C$24,C$6) | D29: =SUM(B29:C29)
A30: Tổng | B30: =SUM(B7:B29) | C30: =SUM(C7:C29) | D30: =SUM(D7:D29)
A32: Severity | B32: Số bug
A33: Critical | B33: =COUNTIF('Bug List'!$D$2:$D$24,A33)
A34: High | B34: =COUNTIF('Bug List'!$D$2:$D$24,A34)
A35: Medium | B35: =COUNTIF('Bug List'!$D$2:$D$24,A35)
A36: Low | B36: =COUNTIF('Bug List'!$D$2:$D$24,A36)

Sheet Bug List
A1: # | B1: Screen | C1: Bug Type | D1: Severity | E1: Title | F1: Actual Result | G1: Expected Result | H1: Attachment
A2: 1 | B2: Intro 1 | C2: [UI/UX] | D2: High | E2: [UI/UX][Intro 1] Link "Terms of Use" / "Privacy Policy" có tap target quá nhỏ | F2: - Ở màn Hook (id: hook) và màn Email (Intro 20, id: email), link "Terms of Use" và "Privacy Policy" trong dòng microcopy chỉ là text inline, vùng bấm đo được cao 27px (76×27 và 79×27), dễ bấm trượt trên mobile. | G2: - Tap target tối thiểu 44pt theo Apple HIG – cần Designer confirm. | H2: Screenshot/Video: screens/01-hook-small.png, screens/01-hook-large.png, screens/20-email-small.png, screens/20-email-large.png
B3: Intro 2 | E3: Không phát hiện lỗi
B4: Intro 3 | E4: Không phát hiện lỗi
B5: Intro 4 | E5: Không phát hiện lỗi
B6: Intro 5 | E6: Không phát hiện lỗi
A7: 2 | B7: Intro 6 | C7: [UI/UX] | D7: Low | E7: [UI/UX][Intro 6] 3 ô Month / Day / Year không có icon dropdown để nhận biết là select | F7: - Ở màn Date of birth (id: dob), 3 ô "May", "14", "1994" chỉ hiển thị giá trị trong khung bo góc, không có chevron/icon dropdown, nhìn giống text field tĩnh nên user khó biết có thể bấm để đổi ngày. | G7: - Spec chỉ ghi "Month / Day / Year selects… Three rounded selects in one row", chưa định nghĩa affordance – cần PM/Designer confirm có cần icon dropdown hay không. | H7: Screenshot/Video: screens/06-dob-small.png, screens/06-dob-large.png
B8: Intro 7 | E8: Không phát hiện lỗi
A9: 3 | B9: Intro 8 | C9: [UI] | D9: Low | E9: [UI][Intro 8] Hình minh họa bàn tay không hiển thị đủ 5 đường chỉ tay theo legend | F9: - Ở màn Palm intro (id: palm_intro), hình bàn tay chỉ thấy rõ đường hồng (Heart), xanh dương (Head) và một đoạn ngắn xanh lá (Life); không thấy đường vàng (Fate & money), đường tím (Marriage) chỉ là một chấm nhỏ, trong khi legend bên dưới liệt kê đủ 5 đường. Trạng thái giống nhau ở cả small và large. | G9: - Theo spec: "Gold palm outline with the five coloured lines drawing in, plus a 2-column colour legend" – sau khi animation chạy xong cần thấy đủ 5 đường đúng màu legend (như hình minh họa ở màn Upload). Nếu ảnh chụp đang ở giữa animation thì cần Dev confirm trạng thái cuối. | H9: Screenshot/Video: screens/08-palm_intro-small.png, screens/08-palm_intro-large.png, screens/16-upload-small.png
B10: Intro 9 | E10: Không phát hiện lỗi
B11: Intro 10 | E11: Không phát hiện lỗi
B12: Intro 11 | E12: Không phát hiện lỗi
B13: Intro 12 | E13: Không phát hiện lỗi
B14: Intro 13 | E14: Không phát hiện lỗi
B15: Intro 14 | E15: Không phát hiện lỗi
B16: Intro 15 | E16: Không phát hiện lỗi
B17: Intro 16 | E17: Không phát hiện lỗi
B18: Intro 17 | E18: Không phát hiện lỗi
A19: 4 | B19: Intro 18 | C19: [UI] | D19: Medium | E19: [UI][Intro 18] Chấm vàng đầu ngón tay và đường chỉ tay không khớp vị trí bàn tay trên ảnh | F19: - Ở màn Line trace (id: line_trace), khi label là "Analyzing Thumb", chấm vàng nằm ở mép trái gốc ngón trỏ chứ không nằm trên đầu ngón cái. Ở Intro 19 (id: report_teaser) và hero Paywall 1, các chấm nằm ở khe giữa các ngón/giữa thân ngón thay vì đầu ngón (đầu ngón cái và ngón út không có chấm), đường Life (xanh lá) chạy thẳng giữa lòng bàn tay thay vì vòng quanh gò ngón cái. Ở ảnh test của walk, overlay co cụm lệch khỏi lòng bàn tay. | G19: - Theo spec: "A gold dot pops onto each fingertip in turn" và overlay "scaled to the hand box found in the photo" – chấm cần nằm trên đầu từng ngón tương ứng với label, các đường cần nằm trong vùng lòng bàn tay của ảnh. | H19: Screenshot/Video: screens/18-line_trace-small.png, screens/18-line_trace-large.png, screens/19-report_teaser-small-p1.png, screens/19-report_teaser-large.png, screens/21-paywall-small-p1.png, screens/walk-end-paywall (paywall).png
B20: Intro 19 | E20: Không phát hiện lỗi
A21: 5 | B21: Intro 20 | C21: [UI] | D21: Low | E21: [UI][Intro 20] Màn Email thiếu header (nút Back + logo Starlyn), title sát mép trên | F21: - Ở màn Email (id: email), không có header như các màn quiz trước (nút Back, logo "Starlyn"); title "Where should we send your reading?" bắt đầu gần sát mép trên màn hình ở cả small và large, khoảng cách phía trên khác hẳn các màn có header. | G21: - Spec chưa định nghĩa header cho màn Email – cần PM/Designer confirm; nếu không dùng header thì title cần có khoảng cách phía trên đồng nhất với các màn khác (Cần đối chiếu Figma). | H21: Screenshot/Video: screens/20-email-small.png, screens/20-email-large.png, screens/14-main_line-small.png
A22: 6 | B22: Paywall 1 | C22: [UI] | D22: High | E22: [UI][Paywall 1] Thiếu section Rating + reviews và tên entity ở footer so với spec | F22: - Trên cả small và large, sau section "How it works" (From your photo to your guide) là ngay section FAQ "Good to know", không có section Rating + reviews. Footer chỉ có "Terms of Use · Privacy Policy · Subscription terms", "Support: support@starlyn.co" và "For entertainment purposes only.", không có tên pháp nhân (entity). | G22: - Theo spec thứ tự section: "5. Rating + reviews (from CONFIG, placeholders until real)" và "9. Footer with legal links and entity". Nếu cố ý ẩn reviews khi chưa có data thật thì cần PM confirm. | H22: Screenshot/Video: screens/21-paywall-large-p2.png, screens/21-paywall-large-p3.png, screens/21-paywall-large-p4.png, screens/21-paywall-small-p4.png
B23: Upsale 1 | E23: Không phát hiện lỗi
A24: 7 | B24: Download App | C24: [UI] | D24: Medium | E24: [UI][Download App] Badge "Download on the App Store" dùng icon không phải logo Apple | F24: - Ở màn Get the app (id: get_app), badge "Download on the App Store" hiển thị một icon outline giống hình trái tim/khiên thay cho logo Apple, trong khi badge Google Play dùng icon tam giác play. | G24: - Spec ghi "App Store and Google Play badges under the CTA" – badge cần đúng logo/nhận diện của store (Cần đối chiếu Figma / badge chính thức của Apple). | H24: Screenshot/Video: screens/23-get_app-small.png, screens/23-get_app-large.png
