Workbook

Sheet Summary
A1: Tổng hợp bug
A2: Project: Starlyn – moon-reading
A3: Tester: Claude Code
A4: Ngày export: 06/10/2026
A6: Screen | B6: [Logic] | C6: [UI/UX] | D6: [UI/UX][Responsive] | E6: [UI] | F6: [UI][Responsive] | G6: Tổng
A7: Intro 1 | B7: =COUNTIFS('Bug List'!$B$2:$B$29,$A7,'Bug List'!$C$2:$C$29,B$6) | C7: =COUNTIFS('Bug List'!$B$2:$B$29,$A7,'Bug List'!$C$2:$C$29,C$6) | D7: =COUNTIFS('Bug List'!$B$2:$B$29,$A7,'Bug List'!$C$2:$C$29,D$6) | E7: =COUNTIFS('Bug List'!$B$2:$B$29,$A7,'Bug List'!$C$2:$C$29,E$6) | F7: =COUNTIFS('Bug List'!$B$2:$B$29,$A7,'Bug List'!$C$2:$C$29,F$6) | G7: =SUM(B7:F7)
A8: Intro 2 | B8: =COUNTIFS('Bug List'!$B$2:$B$29,$A8,'Bug List'!$C$2:$C$29,B$6) | C8: =COUNTIFS('Bug List'!$B$2:$B$29,$A8,'Bug List'!$C$2:$C$29,C$6) | D8: =COUNTIFS('Bug List'!$B$2:$B$29,$A8,'Bug List'!$C$2:$C$29,D$6) | E8: =COUNTIFS('Bug List'!$B$2:$B$29,$A8,'Bug List'!$C$2:$C$29,E$6) | F8: =COUNTIFS('Bug List'!$B$2:$B$29,$A8,'Bug List'!$C$2:$C$29,F$6) | G8: =SUM(B8:F8)
A9: Intro 3 | B9: =COUNTIFS('Bug List'!$B$2:$B$29,$A9,'Bug List'!$C$2:$C$29,B$6) | C9: =COUNTIFS('Bug List'!$B$2:$B$29,$A9,'Bug List'!$C$2:$C$29,C$6) | D9: =COUNTIFS('Bug List'!$B$2:$B$29,$A9,'Bug List'!$C$2:$C$29,D$6) | E9: =COUNTIFS('Bug List'!$B$2:$B$29,$A9,'Bug List'!$C$2:$C$29,E$6) | F9: =COUNTIFS('Bug List'!$B$2:$B$29,$A9,'Bug List'!$C$2:$C$29,F$6) | G9: =SUM(B9:F9)
A10: Intro 4 | B10: =COUNTIFS('Bug List'!$B$2:$B$29,$A10,'Bug List'!$C$2:$C$29,B$6) | C10: =COUNTIFS('Bug List'!$B$2:$B$29,$A10,'Bug List'!$C$2:$C$29,C$6) | D10: =COUNTIFS('Bug List'!$B$2:$B$29,$A10,'Bug List'!$C$2:$C$29,D$6) | E10: =COUNTIFS('Bug List'!$B$2:$B$29,$A10,'Bug List'!$C$2:$C$29,E$6) | F10: =COUNTIFS('Bug List'!$B$2:$B$29,$A10,'Bug List'!$C$2:$C$29,F$6) | G10: =SUM(B10:F10)
A11: Intro 5 | B11: =COUNTIFS('Bug List'!$B$2:$B$29,$A11,'Bug List'!$C$2:$C$29,B$6) | C11: =COUNTIFS('Bug List'!$B$2:$B$29,$A11,'Bug List'!$C$2:$C$29,C$6) | D11: =COUNTIFS('Bug List'!$B$2:$B$29,$A11,'Bug List'!$C$2:$C$29,D$6) | E11: =COUNTIFS('Bug List'!$B$2:$B$29,$A11,'Bug List'!$C$2:$C$29,E$6) | F11: =COUNTIFS('Bug List'!$B$2:$B$29,$A11,'Bug List'!$C$2:$C$29,F$6) | G11: =SUM(B11:F11)
A12: Intro 6 | B12: =COUNTIFS('Bug List'!$B$2:$B$29,$A12,'Bug List'!$C$2:$C$29,B$6) | C12: =COUNTIFS('Bug List'!$B$2:$B$29,$A12,'Bug List'!$C$2:$C$29,C$6) | D12: =COUNTIFS('Bug List'!$B$2:$B$29,$A12,'Bug List'!$C$2:$C$29,D$6) | E12: =COUNTIFS('Bug List'!$B$2:$B$29,$A12,'Bug List'!$C$2:$C$29,E$6) | F12: =COUNTIFS('Bug List'!$B$2:$B$29,$A12,'Bug List'!$C$2:$C$29,F$6) | G12: =SUM(B12:F12)
A13: Intro 7 | B13: =COUNTIFS('Bug List'!$B$2:$B$29,$A13,'Bug List'!$C$2:$C$29,B$6) | C13: =COUNTIFS('Bug List'!$B$2:$B$29,$A13,'Bug List'!$C$2:$C$29,C$6) | D13: =COUNTIFS('Bug List'!$B$2:$B$29,$A13,'Bug List'!$C$2:$C$29,D$6) | E13: =COUNTIFS('Bug List'!$B$2:$B$29,$A13,'Bug List'!$C$2:$C$29,E$6) | F13: =COUNTIFS('Bug List'!$B$2:$B$29,$A13,'Bug List'!$C$2:$C$29,F$6) | G13: =SUM(B13:F13)
A14: Intro 8 | B14: =COUNTIFS('Bug List'!$B$2:$B$29,$A14,'Bug List'!$C$2:$C$29,B$6) | C14: =COUNTIFS('Bug List'!$B$2:$B$29,$A14,'Bug List'!$C$2:$C$29,C$6) | D14: =COUNTIFS('Bug List'!$B$2:$B$29,$A14,'Bug List'!$C$2:$C$29,D$6) | E14: =COUNTIFS('Bug List'!$B$2:$B$29,$A14,'Bug List'!$C$2:$C$29,E$6) | F14: =COUNTIFS('Bug List'!$B$2:$B$29,$A14,'Bug List'!$C$2:$C$29,F$6) | G14: =SUM(B14:F14)
A15: Intro 9 | B15: =COUNTIFS('Bug List'!$B$2:$B$29,$A15,'Bug List'!$C$2:$C$29,B$6) | C15: =COUNTIFS('Bug List'!$B$2:$B$29,$A15,'Bug List'!$C$2:$C$29,C$6) | D15: =COUNTIFS('Bug List'!$B$2:$B$29,$A15,'Bug List'!$C$2:$C$29,D$6) | E15: =COUNTIFS('Bug List'!$B$2:$B$29,$A15,'Bug List'!$C$2:$C$29,E$6) | F15: =COUNTIFS('Bug List'!$B$2:$B$29,$A15,'Bug List'!$C$2:$C$29,F$6) | G15: =SUM(B15:F15)
A16: Intro 10 | B16: =COUNTIFS('Bug List'!$B$2:$B$29,$A16,'Bug List'!$C$2:$C$29,B$6) | C16: =COUNTIFS('Bug List'!$B$2:$B$29,$A16,'Bug List'!$C$2:$C$29,C$6) | D16: =COUNTIFS('Bug List'!$B$2:$B$29,$A16,'Bug List'!$C$2:$C$29,D$6) | E16: =COUNTIFS('Bug List'!$B$2:$B$29,$A16,'Bug List'!$C$2:$C$29,E$6) | F16: =COUNTIFS('Bug List'!$B$2:$B$29,$A16,'Bug List'!$C$2:$C$29,F$6) | G16: =SUM(B16:F16)
A17: Intro 11 | B17: =COUNTIFS('Bug List'!$B$2:$B$29,$A17,'Bug List'!$C$2:$C$29,B$6) | C17: =COUNTIFS('Bug List'!$B$2:$B$29,$A17,'Bug List'!$C$2:$C$29,C$6) | D17: =COUNTIFS('Bug List'!$B$2:$B$29,$A17,'Bug List'!$C$2:$C$29,D$6) | E17: =COUNTIFS('Bug List'!$B$2:$B$29,$A17,'Bug List'!$C$2:$C$29,E$6) | F17: =COUNTIFS('Bug List'!$B$2:$B$29,$A17,'Bug List'!$C$2:$C$29,F$6) | G17: =SUM(B17:F17)
A18: Intro 12 | B18: =COUNTIFS('Bug List'!$B$2:$B$29,$A18,'Bug List'!$C$2:$C$29,B$6) | C18: =COUNTIFS('Bug List'!$B$2:$B$29,$A18,'Bug List'!$C$2:$C$29,C$6) | D18: =COUNTIFS('Bug List'!$B$2:$B$29,$A18,'Bug List'!$C$2:$C$29,D$6) | E18: =COUNTIFS('Bug List'!$B$2:$B$29,$A18,'Bug List'!$C$2:$C$29,E$6) | F18: =COUNTIFS('Bug List'!$B$2:$B$29,$A18,'Bug List'!$C$2:$C$29,F$6) | G18: =SUM(B18:F18)
... A29: Download App | B29: =COUNTIFS('Bug List'!$B$2:$B$29,$A29,'Bug List'!$C$2:$C$29,B$6) | C29: =COUNTIFS('Bug List'!$B$2:$B$29,$A29,'Bug List'!$C$2:$C$29,C$6) | D29: =COUNTIFS('Bug List'!$B$2:$B$29,$A29,'Bug List'!$C$2:$C$29,D$6) | E29: =COUNTIFS('Bug List'!$B$2:$B$29,$A29,'Bug List'!$C$2:$C$29,E$6) | F29: =COUNTIFS('Bug List'!$B$2:$B$29,$A29,'Bug List'!$C$2:$C$29,F$6) | G29: =SUM(B29:F29)
A30: Tổng | B30: =SUM(B7:B29) | C30: =SUM(C7:C29) | D30: =SUM(D7:D29) | E30: =SUM(E7:E29) | F30: =SUM(F7:F29) | G30: =SUM(G7:G29)
A32: Severity | B32: Số bug
A33: Critical | B33: =COUNTIF('Bug List'!$D$2:$D$29,A33)
A34: High | B34: =COUNTIF('Bug List'!$D$2:$D$29,A34)
A35: Medium | B35: =COUNTIF('Bug List'!$D$2:$D$29,A35)
A36: Low | B36: =COUNTIF('Bug List'!$D$2:$D$29,A36)

Sheet Bug List
A1: # | B1: Screen | C1: Bug Type | D1: Severity | E1: Title | F1: Actual Result | G1: Expected Result | H1: Attachment
A2: 1 | B2: Intro 1 | C2: [UI/UX] | D2: High | E2: [UI/UX][Intro 1] Link "Terms" và "Privacy Policy" có tap target quá nhỏ | F2: - Ở dòng legal "By continuing, you agree to our Terms & Privacy Policy", link "Terms" chỉ cao khoảng 15px (35x15) và "Privacy Policy" khoảng 79x15, nằm sát nhau, khó bấm chính xác trên mobile. Lỗi tương tự ở Intro 20 (màn Email, id: 20) trên cả 2 viewport. | G2: - Tap target tối thiểu 44pt theo Apple HIG – cần Designer confirm. | H2: Screenshot/Video: screens/01-1-small.png, screens/01-1-large.png, screens/20-20-small.png, screens/20-20-large.png
A3: 2 | B3: Intro 1 | C3: [UI][Responsive] | D3: Medium | E3: [UI][Responsive][Intro 1] Ảnh background không phủ hết màn hình trên viewport large | F3: - Trên 430x932, ảnh nền (người phụ nữ + mặt trăng) chỉ phủ khoảng 395px chiều ngang và dừng ở khoảng 2/3 chiều cao: lộ một dải tối bên phải và cả nửa dưới màn hình là nền trơn, headline đè lên mặt nhân vật. Trên 375x667 ảnh phủ kín. | G3: - Ảnh nền cần phủ full màn hình (full-bleed) trên mọi kích thước như ở viewport small – Cần đối chiếu Figma. | H3: Screenshot/Video: screens/01-1-large.png, screens/01-1-small.png
A4: 3 | B4: Intro 1 | C4: [UI] | D4: Medium | E4: [UI][Intro 1] Mặt trăng hero đè lên mặt trăng có sẵn trong ảnh nền | F4: - Mặt trăng hero (đang hiển thị phần tối lớn) nằm chồng lên mặt trăng tròn vẽ sẵn trong ảnh background, tạo thành 2 mặt trăng chồng nhau giống hiện tượng nhật thực, trên cả 2 viewport. | G4: - Spec (Visual) mô tả một mặt trăng 3D lớn làm hero duy nhất trên nền trời tối; vị trí hero và ảnh nền không nên chồng 2 mặt trăng – Cần đối chiếu Figma. | H4: Screenshot/Video: screens/01-1-small.png, screens/01-1-large.png
A5: 4 | B5: Intro 2 | C5: [UI][Responsive] | D5: Medium | E5: [UI][Responsive][Intro 2] List bị cắt ngang bởi vùng CTA ở first view trên màn nhỏ | F5: - Trên 375x667, card 3 dòng bị cắt ngang ngay dưới dòng "Tonight's phase, for you", dòng "A ritual that fits your day" chỉ thấy khi cuộn và không có dấu hiệu cho biết còn nội dung bên dưới. Tương tự ở Intro 14 (id: 14): option "Just me" bị cắt một nửa bởi vùng "Tap one to continue". | G5: - Nội dung và option cần hiển thị trọn vẹn hoặc có scroll cue (fade/shadow) rõ ràng trên màn nhỏ – Spec chưa định nghĩa – cần PM/Designer confirm. | H5: Screenshot/Video: screens/02-2-small-p1.png, screens/02-2-small-p2.png, screens/14-14-small-p1.png, screens/14-14-small-p2.png
B6: Intro 3 | E6: Không phát hiện lỗi
B7: Intro 4 | E7: Không phát hiện lỗi
B8: Intro 5 | E8: Không phát hiện lỗi
B9: Intro 6 | E9: Không phát hiện lỗi
A10: 5 | B10: Intro 7 | C10: [UI] | D10: Medium | E10: [UI][Intro 7] Ô "Time of birth" hiển thị 2 icon đồng hồ | F10: - Ô nhập giờ sinh có một icon đồng hồ ở bên trái và thêm một icon đồng hồ ở bên phải (icon time picker của trình duyệt), trùng lặp trên cả 2 viewport. | G10: - Ô nhập chỉ nên có một icon đồng hồ – Cần đối chiếu Figma. | H10: Screenshot/Video: screens/07-7-small.png, screens/07-7-large.png
A11: 6 | B11: Intro 8 | C11: [UI] | D11: Medium | E11: [UI][Intro 8] Bản đồ chấm bị cắt ở viền trên card, icon mặt trăng đè lên bản đồ | F11: - Hàng chấm trên cùng của bản đồ (Bắc Mỹ, Nga) chạm/bị cắt bởi viền trên của card, icon mặt trăng ở góc phải đè lên các chấm bản đồ. Không thấy pin vị trí trên bản đồ. | G11: - Spec (Visual): "Search field, pin on a stylized map under a crescent" – bản đồ cần nằm gọn trong card, có pin và crescent không đè lên bản đồ – Cần đối chiếu Figma. | H11: Screenshot/Video: screens/08-8-small.png, screens/08-8-large.png
B12: Intro 9 | E12: Không phát hiện lỗi
B13: Intro 10 | E13: Không phát hiện lỗi
B14: Intro 11 | E14: Không phát hiện lỗi
B15: Intro 12 | E15: Không phát hiện lỗi
B16: Intro 13 | E16: Không phát hiện lỗi
B17: Intro 14 | E17: Không phát hiện lỗi
B18: Intro 15 | E18: Không phát hiện lỗi
A19: 7 | B19: Intro 16 | C19: [UI][Responsive] | D19: Medium | E19: [UI][Responsive][Intro 16] Màn nhỏ không hiển thị sample push trên lock-screen mock | F19: - Trên 375x667, khung lock-screen chỉ có "8:00 / October 26", không có thông báo mẫu. Trên 430x932 có thông báo "STARLYN · now – Full Moon in Taurus tonight, test. Your 5-minute release ritual is ready." | G19: - Spec (Visual/Microcopy): lock-screen mock có một sample push "🌕 Full Moon in Aries tonight, {{name}}. Your 5-minute release ritual is ready." – cần hiển thị trên mọi viewport. | H19: Screenshot/Video: screens/16-16-small.png, screens/16-16-large.png
B20: Intro 17 | E20: Không phát hiện lỗi
A21: 8 | B21: Intro 18 | C21: [UI] | D21: Low | E21: [UI][Intro 18] Headline sát mép trên màn hình, không có khoảng cách top | F21: - Headline "test, your Moon is Libra" bắt đầu gần sát mép trên viewport, không có header/khoảng đệm phía trên, trong khi các màn khác bắt đầu nội dung bên dưới thanh back/progress. Lỗi tương tự ở Intro 19 (id: 19) với headline "Your moon month, mapped". | G21: - Spec chưa định nghĩa – cần PM/Designer confirm (khoảng cách top cần đồng nhất với các màn khác trong funnel). | H21: Screenshot/Video: screens/18-18-small.png, screens/18-18-large.png, screens/19-19-small-p1.png, screens/19-19-large.png
A22: 9 | B22: Intro 18 | C22: [UI/UX] | D22: Medium | E22: [UI/UX][Intro 18] Câu "you feel through the people around you" bị lặp 3 lần | F22: - Cùng một nội dung xuất hiện 3 lần trên màn: subtitle trong card ("you feel through the people around you."), dòng "Feel" của card và câu bên dưới card ("Moon in Libra — you feel through the people around you."). Subtitle card và subtitle phase bắt đầu bằng chữ thường. | G22: - Spec (Visual): card gồm glyph và 3 dòng ngắn (feel / soothe / drain) cùng một câu mẫu; không định nghĩa subtitle lặp trong card – cần PM/Designer confirm. | H22: Screenshot/Video: screens/18-18-small.png, screens/18-18-large.png
A23: 10 | B23: Intro 18 | C23: [Logic] | D23: High | E23: [Logic][Intro 18] Birth phase hiển thị khác với Intro 6 cho cùng ngày sinh | F23: - Intro 6 (id: 6) hiển thị "Born under a First Quarter" cho ngày "August 12, 1994" (ảnh mặt trăng sáng chưa tới nửa), nhưng Intro 18 hiển thị "Born under a Waxing Crescent" trong card birth phase. Data test qua deep-jump, Intro 18 có thể đã có thêm giờ/nơi sinh. | G23: - Cùng ngày sinh cần ra cùng một tên phase ở Intro 6 và Intro 18, hoặc báo rõ phase đã được chính xác lại sau khi nhập giờ sinh – Spec chưa định nghĩa – cần PM/Designer confirm. | H23: Screenshot/Video: screens/06-6-small.png, screens/18-18-small.png
B24: Intro 19 | E24: Không phát hiện lỗi
B25: Intro 20 | E25: Không phát hiện lỗi
A26: 11 | B26: Paywall 1 | C26: [UI/UX][Responsive] | D26: High | E26: [UI/UX][Responsive][Paywall 1] Màn nhỏ không thấy CTA nào ở first view | F26: - Trên 375x667, first view chỉ có brand bar (không có mini CTA), hero và đầu plan card; dòng "Due today" bị cắt ở mép dưới, button "Unlock my rituals" và sticky bottom CTA đều không hiển thị. Trên 430x932 CTA trong plan block hiển thị ngay first view. | G26: - Spec: sticky bottom CTA hiển thị khi không có plan block nào trong màn hình; trường hợp plan block chỉ lộ một phần chưa được định nghĩa – cần PM/Designer confirm. | H26: Screenshot/Video: screens/21-21-small-p1.png, screens/21-21-large-p1.png
A27: 12 | B27: Paywall 1 | C27: [UI] | D27: Medium | E27: [UI][Paywall 1] Sticky bar trong suốt, text bên dưới lộ ra/chồng lên nội dung | F27: - Khi cuộn, sticky bottom bar "1 week, then monthly – $13.67 today" chồng lên câu hỏi FAQ "Do I need candles or supplies?" (2 dòng text đè lên nhau). Brand bar phía trên cũng lộ mờ dòng "Secure checkout · Cancel anytime" phía sau. | G27: - Sticky bar cần có nền đủ che nội dung phía sau, không để text chồng nhau – Cần đối chiếu Figma. | H27: Screenshot/Video: screens/21-21-small-p3.png, screens/21-21-small-p2.png
B28: Upsale 1 | E28: Không phát hiện lỗi
A29: 13 | B29: Download App | C29: [UI] | D29: Medium | E29: [UI][Download App] Badge "Download on the App Store" dùng icon không phải logo Apple | F29: - Badge App Store hiển thị icon dạng outline quả táo chung chung thay vì logo Apple chính thức; badge Google Play dùng icon tam giác play outline, trên cả 2 viewport. | G29: - Spec (Visual): App Store và Google Play badges – nên dùng badge/logo chính thức của store – Cần đối chiếu Figma. | H29: Screenshot/Video: screens/23-23-small.png, screens/23-23-large.png
